file_path,folder_name,param_hash,experiment_type,args_problem_type,args_seed,args_prefix,args_model_type,args_num_layers,args_repeat_lift_layers,args_num_layers_project,args_rank,args_dropout,args_hidden_channels,args_norm,args_heads,args_finetune_from,args_lift_file,args_lr,args_batch_size,args_valid_freq,args_save_freq,args_penalty,args_stepwise,args_steps,args_epochs,args_train_fraction,args_dataset,args_data_seed,args_parallel,args_num_graphs,args_infinite,args_gen_n,args_gen_m,args_gen_k,args_gen_p,args_positional_encoding,args_pe_dimension,args_split_seed,args_log_dir,args_device,args_model_folder,args_model_file,args_test_prefix,args_use_val_set,args_test_problem_type,args_test_seed,args_test_device,args_stop_early_testing,args_num_test_attempts,stats_mean_raw_score,stats_std_raw_score,stats_mean_ratio (valid),stats_std_ratio (valid),stats_num_valid_ratios,stats_total_time_sec,stats_avg_time_per_instance_sec,stats_num_instances_evaluated,args_run_artifact_dir
training_runs/max_cutGATBA100200/paramhash:03e89f4a008bdf973e94fc41f49e67a7a8747478893450addd4377e024c6835c/BarabasiAlbert_eval@@MAX_CUT_results__20250520_112536.json,max_cutGATBA100200,paramhash:03e89f4a008bdf973e94fc41f49e67a7a8747478893450addd4377e024c6835c,Ablation,max_cut,42,max_cutGATBA100200,GAT,16,,4,16,0.0,32,BatchNorm,4,,,0.001,32,1000,1000,1.0,True,20000,100,0.8,BarabasiAlbert,0,20,1000,True,"[100, 200]",,,,random_walk,8,0,training_runs/max_cutGATBA100200/paramhash:03e89f4a008bdf973e94fc41f49e67a7a8747478893450addd4377e024c6835c,cpu,training_runs/max_cutGATBA100200/paramhash:03e89f4a008bdf973e94fc41f49e67a7a8747478893450addd4377e024c6835c,best_model.pt,,False,,,,False,100,840.8125,166.41503791349507,,,0,182.19145822525024,2.846741534769535,64,
training_runs/max_cutGATBA400500/paramhash:24efc0653b70594e04a96923bb09c3553b92c4a158261fa995ddc2d69efdfa74/BarabasiAlbert_eval@@MAX_CUT_results__20250520_120058.json,max_cutGATBA400500,paramhash:24efc0653b70594e04a96923bb09c3553b92c4a158261fa995ddc2d69efdfa74,Ablation,max_cut,42,max_cutGATBA400500,GAT,16,,4,16,0.0,32,BatchNorm,4,,,0.001,16,1000,1000,1.0,True,20000,100,0.8,BarabasiAlbert,0,20,1000,True,"[400, 500]",,,,random_walk,8,0,training_runs/max_cutGATBA400500/paramhash:24efc0653b70594e04a96923bb09c3553b92c4a158261fa995ddc2d69efdfa74,cpu,training_runs/max_cutGATBA400500/paramhash:24efc0653b70594e04a96923bb09c3553b92c4a158261fa995ddc2d69efdfa74,best_model.pt,,False,,,,False,100,2612.25,177.57516014352908,,,0,204.86087107658386,6.401902221143246,32,
training_runs/max_cutGATBA50100/paramhash:7645a7647676d31a4bd3e1afcd4980ee3ff7bd894dc693ec2f0b1f335e6c0fbd/BarabasiAlbert_eval@@MAX_CUT_results__20250520_103726.json,max_cutGATBA50100,paramhash:7645a7647676d31a4bd3e1afcd4980ee3ff7bd894dc693ec2f0b1f335e6c0fbd,Ablation,max_cut,42,max_cutGATBA50100,GAT,16,,4,16,0.0,32,BatchNorm,4,,,0.001,32,1000,1000,1.0,True,20000,100,0.8,BarabasiAlbert,0,20,1000,True,"[50, 100]",,,,random_walk,8,0,training_runs/max_cutGATBA50100/paramhash:7645a7647676d31a4bd3e1afcd4980ee3ff7bd894dc693ec2f0b1f335e6c0fbd,cpu,training_runs/max_cutGATBA50100/paramhash:7645a7647676d31a4bd3e1afcd4980ee3ff7bd894dc693ec2f0b1f335e6c0fbd,best_model.pt,,False,,,,False,100,427.84375,87.24484561243432,,,0,139.90650033950806,2.1860390678048134,64,
training_runs/max_cutGATER100200/paramhash:0954a6a236b745dfc8b46665207cf983553dac3e2249c1dc958f00114a2eebab/ErdosRenyi_eval@@MAX_CUT_results__20250520_095901.json,max_cutGATER100200,paramhash:0954a6a236b745dfc8b46665207cf983553dac3e2249c1dc958f00114a2eebab,Ablation,max_cut,42,max_cutGATER100200,GAT,16,,4,16,0.0,32,BatchNorm,4,,,0.001,32,1000,1000,1.0,True,20000,100,0.8,ErdosRenyi,0,20,1000,True,"[100, 200]",,,,random_walk,8,0,training_runs/max_cutGATER100200/paramhash:0954a6a236b745dfc8b46665207cf983553dac3e2249c1dc958f00114a2eebab,cpu,training_runs/max_cutGATER100200/paramhash:0954a6a236b745dfc8b46665207cf983553dac3e2249c1dc958f00114a2eebab,best_model.pt,,False,,,,False,100,353.71875,362.6640778991455,,,0,369.001012802124,5.765640825033188,64,
training_runs/max_cutGATER400500/paramhash:ad6cb6e29871e92a6ada2c95cb1c55958c2775125449d85120f4ed2bc3d37e7b/ErdosRenyi_eval@@MAX_CUT_results__20250520_095422.json,max_cutGATER400500,paramhash:ad6cb6e29871e92a6ada2c95cb1c55958c2775125449d85120f4ed2bc3d37e7b,Ablation,max_cut,42,max_cutGATER400500,GAT,16,,4,16,0.0,32,BatchNorm,4,,,0.001,16,1000,1000,1.0,True,20000,100,0.8,ErdosRenyi,0,20,1000,True,"[400, 500]",,,,random_walk,8,0,training_runs/max_cutGATER400500/paramhash:ad6cb6e29871e92a6ada2c95cb1c55958c2775125449d85120f4ed2bc3d37e7b,cpu,training_runs/max_cutGATER400500/paramhash:ad6cb6e29871e92a6ada2c95cb1c55958c2775125449d85120f4ed2bc3d37e7b,best_model.pt,,False,,,,False,100,505.6875,1807.1819989541036,,,0,2349.7399594783783,73.42937373369932,32,
training_runs/max_cutGATER50100/paramhash:d973d9a3a9583b0fcb87a54ad3efe0565fe37da045dfb64564feff176362a77e/ErdosRenyi_eval@@MAX_CUT_results__20250520_112142.json,max_cutGATER50100,paramhash:d973d9a3a9583b0fcb87a54ad3efe0565fe37da045dfb64564feff176362a77e,Ablation,max_cut,42,max_cutGATER50100,GAT,16,,4,16,0.0,32,BatchNorm,4,,,0.001,32,1000,1000,1.0,True,20000,100,0.8,ErdosRenyi,0,20,1000,True,"[50, 100]",,,,random_walk,8,0,training_runs/max_cutGATER50100/paramhash:d973d9a3a9583b0fcb87a54ad3efe0565fe37da045dfb64564feff176362a77e,cpu,training_runs/max_cutGATER50100/paramhash:d973d9a3a9583b0fcb87a54ad3efe0565fe37da045dfb64564feff176362a77e,best_model.pt,,False,,,,False,100,590.46875,220.95608788498564,,,0,157.4749186038971,2.460545603185892,64,
training_runs/max_cutGCNNBA100200/paramhash:e4755c92aed57484e57a0b02d89541672947f39e04e0873ff6ece55f590136d1/BarabasiAlbert_eval@@MAX_CUT_results__20250520_124724.json,max_cutGCNNBA100200,paramhash:e4755c92aed57484e57a0b02d89541672947f39e04e0873ff6ece55f590136d1,Ablation,max_cut,42,max_cutGCNNBA100200,GCNN,16,,4,16,0.0,32,BatchNorm,4,,,0.001,32,1000,1000,1.0,True,20000,100,0.8,BarabasiAlbert,0,20,1000,True,"[100, 200]",,,,random_walk,8,0,training_runs/max_cutGCNNBA100200/paramhash:e4755c92aed57484e57a0b02d89541672947f39e04e0873ff6ece55f590136d1,cpu,training_runs/max_cutGCNNBA100200/paramhash:e4755c92aed57484e57a0b02d89541672947f39e04e0873ff6ece55f590136d1,best_model.pt,,False,,,,False,100,809.4375,160.13918506646024,,,0,217.02207207679749,3.3909698761999607,64,
training_runs/max_cutGCNNBA400500/paramhash:0b9bfc5da4662f7b376db8eb3e0b788931454095a9fa012bb4abdc8b034ea9f1/BarabasiAlbert_eval@@MAX_CUT_results__20250520_104230.json,max_cutGCNNBA400500,paramhash:0b9bfc5da4662f7b376db8eb3e0b788931454095a9fa012bb4abdc8b034ea9f1,Ablation,max_cut,42,max_cutGCNNBA400500,GCNN,16,,4,16,0.0,32,BatchNorm,4,,,0.001,16,1000,1000,1.0,True,20000,100,0.8,BarabasiAlbert,0,20,1000,True,"[400, 500]",,,,random_walk,8,0,training_runs/max_cutGCNNBA400500/paramhash:0b9bfc5da4662f7b376db8eb3e0b788931454095a9fa012bb4abdc8b034ea9f1,cpu,training_runs/max_cutGCNNBA400500/paramhash:0b9bfc5da4662f7b376db8eb3e0b788931454095a9fa012bb4abdc8b034ea9f1,best_model.pt,,False,,,,False,100,2496.4375,175.9820547491988,,,0,170.66873788833618,5.333398059010506,32,
training_runs/max_cutGCNNBA50100/paramhash:14667146e25379e1f012a42514734d18aa64d43b0e8946068beab0583bc98e63/BarabasiAlbert_eval@@MAX_CUT_results__20250520_102704.json,max_cutGCNNBA50100,paramhash:14667146e25379e1f012a42514734d18aa64d43b0e8946068beab0583bc98e63,Ablation,max_cut,42,max_cutGCNNBA50100,GCNN,16,,4,16,0.0,32,BatchNorm,4,,,0.001,32,1000,1000,1.0,True,20000,100,0.8,BarabasiAlbert,0,20,1000,True,"[50, 100]",,,,random_walk,8,0,training_runs/max_cutGCNNBA50100/paramhash:14667146e25379e1f012a42514734d18aa64d43b0e8946068beab0583bc98e63,cpu,training_runs/max_cutGCNNBA50100/paramhash:14667146e25379e1f012a42514734d18aa64d43b0e8946068beab0583bc98e63,best_model.pt,,False,,,,False,100,415.0,83.87118098608127,,,0,105.73658680915833,1.6521341688930988,64,
training_runs/max_cutGCNNER100200/paramhash:5055071c336b38f7c32b3f9037e0ebad289c7f9aba59150fc1e3b0bfeae9f770/ErdosRenyi_eval@@MAX_CUT_results__20250520_111217.json,max_cutGCNNER100200,paramhash:5055071c336b38f7c32b3f9037e0ebad289c7f9aba59150fc1e3b0bfeae9f770,Ablation,max_cut,42,max_cutGCNNER100200,GCNN,16,,4,16,0.0,32,BatchNorm,4,,,0.001,32,1000,1000,1.0,True,20000,100,0.8,ErdosRenyi,0,20,1000,True,"[100, 200]",,,,random_walk,8,0,training_runs/max_cutGCNNER100200/paramhash:5055071c336b38f7c32b3f9037e0ebad289c7f9aba59150fc1e3b0bfeae9f770,cpu,training_runs/max_cutGCNNER100200/paramhash:5055071c336b38f7c32b3f9037e0ebad289c7f9aba59150fc1e3b0bfeae9f770,best_model.pt,,False,,,,False,100,2044.15625,785.2847656015857,,,0,268.10354495048523,4.189117889851332,64,
training_runs/max_cutGCNNER400500/paramhash:c893581b567e15415fc50865406568861da123fd6ed2157a624b080f55ed27f8/ErdosRenyi_eval@@MAX_CUT_results__20250520_144149.json,max_cutGCNNER400500,paramhash:c893581b567e15415fc50865406568861da123fd6ed2157a624b080f55ed27f8,Ablation,max_cut,42,max_cutGCNNER400500,GCNN,16,,4,16,0.0,32,BatchNorm,4,,,0.001,16,1000,1000,1.0,True,20000,100,0.8,ErdosRenyi,0,20,1000,True,"[400, 500]",,,,random_walk,8,0,training_runs/max_cutGCNNER400500/paramhash:c893581b567e15415fc50865406568861da123fd6ed2157a624b080f55ed27f8,cpu,training_runs/max_cutGCNNER400500/paramhash:c893581b567e15415fc50865406568861da123fd6ed2157a624b080f55ed27f8,best_model.pt,,False,,,,False,100,16679.0,1999.9159357332999,,,0,1510.539016008377,47.204344250261784,32,
training_runs/max_cutGCNNER50100/paramhash:434b06b1c40dc1f6d8ca4b5b15b7328784a2a1579e49a65e14f47dbda39a1271/ErdosRenyi_eval@@MAX_CUT_results__20250520_121052.json,max_cutGCNNER50100,paramhash:434b06b1c40dc1f6d8ca4b5b15b7328784a2a1579e49a65e14f47dbda39a1271,Ablation,max_cut,42,max_cutGCNNER50100,GCNN,16,,4,16,0.0,32,BatchNorm,4,,,0.001,32,1000,1000,1.0,True,20000,100,0.8,ErdosRenyi,0,20,1000,True,"[50, 100]",,,,random_walk,8,0,training_runs/max_cutGCNNER50100/paramhash:434b06b1c40dc1f6d8ca4b5b15b7328784a2a1579e49a65e14f47dbda39a1271,cpu,training_runs/max_cutGCNNER50100/paramhash:434b06b1c40dc1f6d8ca4b5b15b7328784a2a1579e49a65e14f47dbda39a1271,best_model.pt,,False,,,,False,100,563.5,211.98348992315417,,,0,116.59767436981201,1.8218386620283127,64,
training_runs/max_cutGINBA100200/paramhash:da42731f08151eac4994465482e0743c042366dc744c46f8955b54b22239e481/BarabasiAlbert_eval@@MAX_CUT_results__20250520_120627.json,max_cutGINBA100200,paramhash:da42731f08151eac4994465482e0743c042366dc744c46f8955b54b22239e481,Ablation,max_cut,42,max_cutGINBA100200,GIN,16,,4,16,0.0,32,BatchNorm,4,,,0.001,32,1000,1000,1.0,True,20000,100,0.8,BarabasiAlbert,0,20,1000,True,"[100, 200]",,,,random_walk,8,0,training_runs/max_cutGINBA100200/paramhash:da42731f08151eac4994465482e0743c042366dc744c46f8955b54b22239e481,cpu,training_runs/max_cutGINBA100200/paramhash:da42731f08151eac4994465482e0743c042366dc744c46f8955b54b22239e481,best_model.pt,,False,,,,False,100,812.59375,159.9694032024171,,,0,119.28329396247864,1.8638014681637287,64,
training_runs/max_cutGINBA400500/paramhash:7cabd0c5755a4441a02302748b6783085799130984fd4a75f36c6afaeb6a58aa/BarabasiAlbert_eval@@MAX_CUT_results__20250520_100341.json,max_cutGINBA400500,paramhash:7cabd0c5755a4441a02302748b6783085799130984fd4a75f36c6afaeb6a58aa,Ablation,max_cut,42,max_cutGINBA400500,GIN,16,,4,16,0.0,32,BatchNorm,4,,,0.001,16,1000,1000,1.0,True,20000,100,0.8,BarabasiAlbert,0,20,1000,True,"[400, 500]",,,,random_walk,8,0,training_runs/max_cutGINBA400500/paramhash:7cabd0c5755a4441a02302748b6783085799130984fd4a75f36c6afaeb6a58aa,cpu,training_runs/max_cutGINBA400500/paramhash:7cabd0c5755a4441a02302748b6783085799130984fd4a75f36c6afaeb6a58aa,best_model.pt,,False,,,,False,100,2525.5625,179.53671934662836,,,0,148.28569507598877,4.633927971124649,32,
training_runs/max_cutGINBA50100/paramhash:bdae9ba10e3752e03a25c2f6785706ff7a60deb6af3e7380bf6a36ce8b2982e7/BarabasiAlbert_eval@@MAX_CUT_results__20250520_102852.json,max_cutGINBA50100,paramhash:bdae9ba10e3752e03a25c2f6785706ff7a60deb6af3e7380bf6a36ce8b2982e7,Ablation,max_cut,42,max_cutGINBA50100,GIN,16,,4,16,0.0,32,BatchNorm,4,,,0.001,32,1000,1000,1.0,True,20000,100,0.8,BarabasiAlbert,0,20,1000,True,"[50, 100]",,,,random_walk,8,0,training_runs/max_cutGINBA50100/paramhash:bdae9ba10e3752e03a25c2f6785706ff7a60deb6af3e7380bf6a36ce8b2982e7,cpu,training_runs/max_cutGINBA50100/paramhash:bdae9ba10e3752e03a25c2f6785706ff7a60deb6af3e7380bf6a36ce8b2982e7,best_model.pt,,False,,,,False,100,416.21875,83.99041402706324,,,0,82.57761001586914,1.2902751564979553,64,
training_runs/max_cutGINER100200/paramhash:7b311246ed7020222ffa1f72ef0907490658ca2b322f221d71c29fb8b1a76866/ErdosRenyi_eval@@MAX_CUT_results__20250520_101059.json,max_cutGINER100200,paramhash:7b311246ed7020222ffa1f72ef0907490658ca2b322f221d71c29fb8b1a76866,Ablation,max_cut,42,max_cutGINER100200,GIN,16,,4,16,0.0,32,BatchNorm,4,,,0.001,32,1000,1000,1.0,True,20000,100,0.8,ErdosRenyi,0,20,1000,True,"[100, 200]",,,,random_walk,8,0,training_runs/max_cutGINER100200/paramhash:7b311246ed7020222ffa1f72ef0907490658ca2b322f221d71c29fb8b1a76866,cpu,training_runs/max_cutGINER100200/paramhash:7b311246ed7020222ffa1f72ef0907490658ca2b322f221d71c29fb8b1a76866,best_model.pt,,False,,,,False,100,2041.84375,786.0864539514324,,,0,315.1047019958496,4.92351096868515,64,
training_runs/max_cutGINER400500/paramhash:2023e1aa9da6b1cab5bea3bbe1099224b2bbac233ccb927bd76c0e4d2493c7d7/ErdosRenyi_eval@@MAX_CUT_results__20250520_125632.json,max_cutGINER400500,paramhash:2023e1aa9da6b1cab5bea3bbe1099224b2bbac233ccb927bd76c0e4d2493c7d7,Ablation,max_cut,42,max_cutGINER400500,GIN,16,,4,16,0.0,32,BatchNorm,4,,,0.001,16,1000,1000,1.0,True,20000,100,0.8,ErdosRenyi,0,20,1000,True,"[400, 500]",,,,random_walk,8,0,training_runs/max_cutGINER400500/paramhash:2023e1aa9da6b1cab5bea3bbe1099224b2bbac233ccb927bd76c0e4d2493c7d7,cpu,training_runs/max_cutGINER400500/paramhash:2023e1aa9da6b1cab5bea3bbe1099224b2bbac233ccb927bd76c0e4d2493c7d7,best_model.pt,,False,,,,False,100,16706.4375,2011.9359914256095,,,0,1749.3274221420288,54.6664819419384,32,
training_runs/max_cutGINER50100/paramhash:f84fb3277e7d2a5698a7288467ffee8e95887ded90032b7aa6aea781240d3e6f/ErdosRenyi_eval@@MAX_CUT_results__20250520_114723.json,max_cutGINER50100,paramhash:f84fb3277e7d2a5698a7288467ffee8e95887ded90032b7aa6aea781240d3e6f,Ablation,max_cut,42,max_cutGINER50100,GIN,16,,4,16,0.0,32,BatchNorm,4,,,0.001,32,1000,1000,1.0,True,20000,100,0.8,ErdosRenyi,0,20,1000,True,"[50, 100]",,,,random_walk,8,0,training_runs/max_cutGINER50100/paramhash:f84fb3277e7d2a5698a7288467ffee8e95887ded90032b7aa6aea781240d3e6f,cpu,training_runs/max_cutGINER50100/paramhash:f84fb3277e7d2a5698a7288467ffee8e95887ded90032b7aa6aea781240d3e6f,best_model.pt,,False,,,,False,100,563.5625,210.60047149460516,,,0,103.98294973373413,1.6247335895895958,64,
training_runs/max_cutGatedGCNNBA100200/paramhash:1b15bbd4d0bc3cacc5fd5faad6fc857454b98d21413b53498038a822b89018e9/BarabasiAlbert_eval@@MAX_CUT_results__20250520_133029.json,max_cutGatedGCNNBA100200,paramhash:1b15bbd4d0bc3cacc5fd5faad6fc857454b98d21413b53498038a822b89018e9,Ablation,max_cut,42,max_cutGatedGCNNBA100200,GatedGCNN,16,,4,16,0.0,32,BatchNorm,4,,,0.001,32,1000,1000,1.0,True,20000,100,0.8,BarabasiAlbert,0,20,1000,True,"[100, 200]",,,,random_walk,8,0,training_runs/max_cutGatedGCNNBA100200/paramhash:1b15bbd4d0bc3cacc5fd5faad6fc857454b98d21413b53498038a822b89018e9,cpu,training_runs/max_cutGatedGCNNBA100200/paramhash:1b15bbd4d0bc3cacc5fd5faad6fc857454b98d21413b53498038a822b89018e9,best_model.pt,,False,,,,False,100,841.8125,167.11624649850773,,,0,187.27127194404602,2.926113624125719,64,
training_runs/max_cutGatedGCNNBA400500/paramhash:e7b4f28247bc0f2de6748a478c29a5e4c7d38b479452f1ccf91f498ab4ec24ae/BarabasiAlbert_eval@@MAX_CUT_results__20250520_134807.json,max_cutGatedGCNNBA400500,paramhash:e7b4f28247bc0f2de6748a478c29a5e4c7d38b479452f1ccf91f498ab4ec24ae,Ablation,max_cut,42,max_cutGatedGCNNBA400500,GatedGCNN,16,,4,16,0.0,32,BatchNorm,4,,,0.001,16,1000,1000,1.0,True,20000,100,0.8,BarabasiAlbert,0,20,1000,True,"[400, 500]",,,,random_walk,8,0,training_runs/max_cutGatedGCNNBA400500/paramhash:e7b4f28247bc0f2de6748a478c29a5e4c7d38b479452f1ccf91f498ab4ec24ae,cpu,training_runs/max_cutGatedGCNNBA400500/paramhash:e7b4f28247bc0f2de6748a478c29a5e4c7d38b479452f1ccf91f498ab4ec24ae,best_model.pt,,False,,,,False,100,2594.0625,177.14152842783648,,,0,156.22547483444214,4.882046088576317,32,
training_runs/max_cutGatedGCNNBA50100/paramhash:b2dd152b13f6552de417de627cc654379a552808b46abdad95a39c15f0678bad/BarabasiAlbert_eval@@MAX_CUT_results__20250520_093108.json,max_cutGatedGCNNBA50100,paramhash:b2dd152b13f6552de417de627cc654379a552808b46abdad95a39c15f0678bad,Ablation,max_cut,42,max_cutGatedGCNNBA50100,GatedGCNN,16,,4,16,0.0,32,BatchNorm,4,,,0.001,32,1000,1000,1.0,True,20000,100,0.8,BarabasiAlbert,0,20,1000,True,"[50, 100]",,,,random_walk,8,0,training_runs/max_cutGatedGCNNBA50100/paramhash:b2dd152b13f6552de417de627cc654379a552808b46abdad95a39c15f0678bad,cpu,training_runs/max_cutGatedGCNNBA50100/paramhash:b2dd152b13f6552de417de627cc654379a552808b46abdad95a39c15f0678bad,best_model.pt,,False,,,,False,100,427.9375,87.4185111618243,,,0,115.78696584701538,1.8091713413596153,64,
training_runs/max_cutGatedGCNNER100200/paramhash:8ee505060a7f0488c4f293d0adee5f5955747e6dc01d365f108bd766654e244c/ErdosRenyi_eval@@MAX_CUT_results__20250520_103441.json,max_cutGatedGCNNER100200,paramhash:8ee505060a7f0488c4f293d0adee5f5955747e6dc01d365f108bd766654e244c,Ablation,max_cut,42,max_cutGatedGCNNER100200,GatedGCNN,16,,4,16,0.0,32,BatchNorm,4,,,0.001,32,1000,1000,1.0,True,20000,100,0.8,ErdosRenyi,0,20,1000,True,"[100, 200]",,,,random_walk,8,0,training_runs/max_cutGatedGCNNER100200/paramhash:8ee505060a7f0488c4f293d0adee5f5955747e6dc01d365f108bd766654e244c,cpu,training_runs/max_cutGatedGCNNER100200/paramhash:8ee505060a7f0488c4f293d0adee5f5955747e6dc01d365f108bd766654e244c,best_model.pt,,False,,,,False,100,1991.90625,766.1636109284606,,,0,229.19791173934937,3.581217370927334,64,
training_runs/max_cutGatedGCNNER50100/paramhash:97cfe20a49609f3f0e01b64ffcce911d2a630173947015d528cd679e0773e55c/ErdosRenyi_eval@@MAX_CUT_results__20250520_110550.json,max_cutGatedGCNNER50100,paramhash:97cfe20a49609f3f0e01b64ffcce911d2a630173947015d528cd679e0773e55c,Ablation,max_cut,42,max_cutGatedGCNNER50100,GatedGCNN,16,,4,16,0.0,32,BatchNorm,4,,,0.001,32,1000,1000,1.0,True,20000,100,0.8,ErdosRenyi,0,20,1000,True,"[50, 100]",,,,random_walk,8,0,training_runs/max_cutGatedGCNNER50100/paramhash:97cfe20a49609f3f0e01b64ffcce911d2a630173947015d528cd679e0773e55c,cpu,training_runs/max_cutGatedGCNNER50100/paramhash:97cfe20a49609f3f0e01b64ffcce911d2a630173947015d528cd679e0773e55c,best_model.pt,,False,,,,False,100,592.09375,222.2446370802623,,,0,85.02161526679993,1.3284627385437489,64,
training_runs/max_cutLiftMPBA100200/paramhash:e6e644147a9e7c1ad98dbfdefb0dae060659fdcdee1048cae124c5afd752a6dd/BarabasiAlbert_eval@@MAX_CUT_results__20250520_101725.json,max_cutLiftMPBA100200,paramhash:e6e644147a9e7c1ad98dbfdefb0dae060659fdcdee1048cae124c5afd752a6dd,Ablation,max_cut,42,max_cutLiftMPBA100200,LiftMP,16,,4,16,0.0,32,BatchNorm,4,,,0.001,32,1000,1000,1.0,True,20000,100,0.8,BarabasiAlbert,0,20,1000,True,"[100, 200]",,,,random_walk,8,0,training_runs/max_cutLiftMPBA100200/paramhash:e6e644147a9e7c1ad98dbfdefb0dae060659fdcdee1048cae124c5afd752a6dd,cpu,training_runs/max_cutLiftMPBA100200/paramhash:e6e644147a9e7c1ad98dbfdefb0dae060659fdcdee1048cae124c5afd752a6dd,best_model.pt,,False,,,,False,100,840.9375,166.63994447235632,,,0,161.03268814086914,2.5161357522010803,64,
training_runs/max_cutLiftMPBA400500/paramhash:ca276853a967bf620396fe881c8a3baf74d385571e9928d4a56a97370d63a7f9/BarabasiAlbert_eval@@MAX_CUT_results__20250520_095023.json,max_cutLiftMPBA400500,paramhash:ca276853a967bf620396fe881c8a3baf74d385571e9928d4a56a97370d63a7f9,Ablation,max_cut,42,max_cutLiftMPBA400500,LiftMP,16,,4,16,0.0,32,BatchNorm,4,,,0.001,16,1000,1000,1.0,True,20000,100,0.8,BarabasiAlbert,0,20,1000,True,"[400, 500]",,,,random_walk,8,0,training_runs/max_cutLiftMPBA400500/paramhash:ca276853a967bf620396fe881c8a3baf74d385571e9928d4a56a97370d63a7f9,cpu,training_runs/max_cutLiftMPBA400500/paramhash:ca276853a967bf620396fe881c8a3baf74d385571e9928d4a56a97370d63a7f9,best_model.pt,,False,,,,False,100,2610.5625,178.93730352766022,,,0,376.8004195690155,11.775013111531734,32,
training_runs/max_cutLiftMPBA50100/paramhash:336cc7a8700bcb8b039ac00b1ac7de5fc5252bc70caad6ed6b650df2dfb3c29e/BarabasiAlbert_eval@@MAX_CUT_results__20250520_104450.json,max_cutLiftMPBA50100,paramhash:336cc7a8700bcb8b039ac00b1ac7de5fc5252bc70caad6ed6b650df2dfb3c29e,Ablation,max_cut,42,max_cutLiftMPBA50100,LiftMP,16,,4,16,0.0,32,BatchNorm,4,,,0.001,32,1000,1000,1.0,True,20000,100,0.8,BarabasiAlbert,0,20,1000,True,"[50, 100]",,,,random_walk,8,0,training_runs/max_cutLiftMPBA50100/paramhash:336cc7a8700bcb8b039ac00b1ac7de5fc5252bc70caad6ed6b650df2dfb3c29e,cpu,training_runs/max_cutLiftMPBA50100/paramhash:336cc7a8700bcb8b039ac00b1ac7de5fc5252bc70caad6ed6b650df2dfb3c29e,best_model.pt,,False,,,,False,100,427.71875,87.19795524229625,,,0,114.74646139144897,1.7929134592413902,64,
training_runs/max_cutLiftMPER100200/paramhash:c5527bd55cd10440464e1b80cf26e310ad824036f45f38006326c545858fe0ba/ErdosRenyi_eval@@MAX_CUT_results__20250520_115523.json,max_cutLiftMPER100200,paramhash:c5527bd55cd10440464e1b80cf26e310ad824036f45f38006326c545858fe0ba,Ablation,max_cut,42,max_cutLiftMPER100200,LiftMP,16,,4,16,0.0,32,BatchNorm,4,,,0.001,32,1000,1000,1.0,True,20000,100,0.8,ErdosRenyi,0,20,1000,True,"[100, 200]",,,,random_walk,8,0,training_runs/max_cutLiftMPER100200/paramhash:c5527bd55cd10440464e1b80cf26e310ad824036f45f38006326c545858fe0ba,cpu,training_runs/max_cutLiftMPER100200/paramhash:c5527bd55cd10440464e1b80cf26e310ad824036f45f38006326c545858fe0ba,best_model.pt,,False,,,,False,100,2170.71875,823.9015693020845,,,0,356.491495847702,5.570179622620344,64,
training_runs/max_cutLiftMPER400500/paramhash:3db40d6a6f6c1bcbfffda940a9705492f71bff7788497577fa0c223034518e57/ErdosRenyi_eval@@MAX_CUT_results__20250520_134415.json,max_cutLiftMPER400500,paramhash:3db40d6a6f6c1bcbfffda940a9705492f71bff7788497577fa0c223034518e57,Ablation,max_cut,42,max_cutLiftMPER400500,LiftMP,16,,4,16,0.0,32,BatchNorm,4,,,0.001,16,1000,1000,1.0,True,20000,100,0.8,ErdosRenyi,0,20,1000,True,"[400, 500]",,,,random_walk,8,0,training_runs/max_cutLiftMPER400500/paramhash:3db40d6a6f6c1bcbfffda940a9705492f71bff7788497577fa0c223034518e57,cpu,training_runs/max_cutLiftMPER400500/paramhash:3db40d6a6f6c1bcbfffda940a9705492f71bff7788497577fa0c223034518e57,best_model.pt,,False,,,,False,100,17828.6875,2147.7264496075263,,,0,2358.2945036888123,73.69670324027538,32,
training_runs/max_cutLiftMPER50100/paramhash:c7b563a4cbd5716c0b64d292063ebea6fa259b58f98e1d79374f035dc198aa1f/ErdosRenyi_eval@@MAX_CUT_results__20250520_133431.json,max_cutLiftMPER50100,paramhash:c7b563a4cbd5716c0b64d292063ebea6fa259b58f98e1d79374f035dc198aa1f,Ablation,max_cut,42,max_cutLiftMPER50100,LiftMP,16,,4,16,0.0,32,BatchNorm,4,,,0.001,32,1000,1000,1.0,True,20000,100,0.8,ErdosRenyi,0,20,1000,True,"[50, 100]",,,,random_walk,8,0,training_runs/max_cutLiftMPER50100/paramhash:c7b563a4cbd5716c0b64d292063ebea6fa259b58f98e1d79374f035dc198aa1f,cpu,training_runs/max_cutLiftMPER50100/paramhash:c7b563a4cbd5716c0b64d292063ebea6fa259b58f98e1d79374f035dc198aa1f,best_model.pt,,False,,,,False,100,592.28125,222.51147925093102,,,0,197.94526529312134,3.092894770205021,64,
training_runs/vertex_coverGATHK100200/paramhash:b8aacf7e2b0e0ff27dbffe082b62622c3f26774b8f873f59c9602eb80b085bb4/PowerlawCluster_eval@@VERTEX_COVER_results__20250520_110349.json,vertex_coverGATHK100200,paramhash:b8aacf7e2b0e0ff27dbffe082b62622c3f26774b8f873f59c9602eb80b085bb4,Ablation,vertex_cover,42,vertex_coverGATHK100200,GAT,16,,4,32,0.0,32,BatchNorm,4,,,0.001,32,1000,1000,1.0,True,20000,100,0.8,PowerlawCluster,0,20,1000,True,"[100, 200]",,,,random_walk,8,0,training_runs/vertex_coverGATHK100200/paramhash:b8aacf7e2b0e0ff27dbffe082b62622c3f26774b8f873f59c9602eb80b085bb4,cpu,training_runs/vertex_coverGATHK100200/paramhash:b8aacf7e2b0e0ff27dbffe082b62622c3f26774b8f873f59c9602eb80b085bb4,best_model.pt,,False,,,,False,100,-85.171875,18.380147822701943,,,0,187.92511868476868,2.9363299794495106,64,
training_runs/vertex_coverGATHK400500/paramhash:cf48da3fcbbe1fdf2c601e51d763658b729186f8e76c3c1367078354c97e4143/PowerlawCluster_eval@@VERTEX_COVER_results__20250520_113223.json,vertex_coverGATHK400500,paramhash:cf48da3fcbbe1fdf2c601e51d763658b729186f8e76c3c1367078354c97e4143,Ablation,vertex_cover,42,vertex_coverGATHK400500,GAT,16,,4,32,0.0,32,BatchNorm,4,,,0.001,16,1000,1000,1.0,True,20000,100,0.8,PowerlawCluster,0,20,1000,True,"[400, 500]",,,,random_walk,8,0,training_runs/vertex_coverGATHK400500/paramhash:cf48da3fcbbe1fdf2c601e51d763658b729186f8e76c3c1367078354c97e4143,cpu,training_runs/vertex_coverGATHK400500/paramhash:cf48da3fcbbe1fdf2c601e51d763658b729186f8e76c3c1367078354c97e4143,best_model.pt,,False,,,,False,100,-254.9375,18.50664998723432,,,0,270.98993158340454,8.468435361981392,32,
training_runs/vertex_coverGATWS100200/paramhash:402f188a0134f965161fe1e219812bbd14a81db38a4fc9d3fbf97ccc2a509ae3/WattsStrogatz_eval@@VERTEX_COVER_results__20250520_101358.json,vertex_coverGATWS100200,paramhash:402f188a0134f965161fe1e219812bbd14a81db38a4fc9d3fbf97ccc2a509ae3,Ablation,vertex_cover,42,vertex_coverGATWS100200,GAT,16,,4,32,0.0,32,BatchNorm,4,,,0.001,32,1000,1000,1.0,True,20000,100,0.8,WattsStrogatz,0,20,1000,True,"[100, 200]",,,,random_walk,8,0,training_runs/vertex_coverGATWS100200/paramhash:402f188a0134f965161fe1e219812bbd14a81db38a4fc9d3fbf97ccc2a509ae3,cpu,training_runs/vertex_coverGATWS100200/paramhash:402f188a0134f965161fe1e219812bbd14a81db38a4fc9d3fbf97ccc2a509ae3,best_model.pt,,False,,,,False,100,-97.34375,19.135388314259526,,,0,152.62740111351013,2.384803142398596,64,
training_runs/vertex_coverGATWS400500/paramhash:de06427f73f65a4cbd7f042d09ad42f399472ac03e6afbaf99d3a7418bc7cd67/WattsStrogatz_eval@@VERTEX_COVER_results__20250520_132628.json,vertex_coverGATWS400500,paramhash:de06427f73f65a4cbd7f042d09ad42f399472ac03e6afbaf99d3a7418bc7cd67,Ablation,vertex_cover,42,vertex_coverGATWS400500,GAT,16,,4,32,0.0,32,BatchNorm,4,,,0.001,16,1000,1000,1.0,True,20000,100,0.8,WattsStrogatz,0,20,1000,True,"[400, 500]",,,,random_walk,8,0,training_runs/vertex_coverGATWS400500/paramhash:de06427f73f65a4cbd7f042d09ad42f399472ac03e6afbaf99d3a7418bc7cd67,cpu,training_runs/vertex_coverGATWS400500/paramhash:de06427f73f65a4cbd7f042d09ad42f399472ac03e6afbaf99d3a7418bc7cd67,best_model.pt,,False,,,,False,100,-293.0625,19.957670048129366,,,0,268.2211287021637,8.381910271942616,32,
training_runs/vertex_coverGATWS50100/paramhash:87fa13a840ecc3841990bf9d9ed3f3416d72483c41e2daf08fc0caefb9437092/WattsStrogatz_eval@@VERTEX_COVER_results__20250520_111830.json,vertex_coverGATWS50100,paramhash:87fa13a840ecc3841990bf9d9ed3f3416d72483c41e2daf08fc0caefb9437092,Ablation,vertex_cover,42,vertex_coverGATWS50100,GAT,16,,4,32,0.0,32,BatchNorm,4,,,0.001,32,1000,1000,1.0,True,20000,100,0.8,WattsStrogatz,0,20,1000,True,"[50, 100]",,,,random_walk,8,0,training_runs/vertex_coverGATWS50100/paramhash:87fa13a840ecc3841990bf9d9ed3f3416d72483c41e2daf08fc0caefb9437092,cpu,training_runs/vertex_coverGATWS50100/paramhash:87fa13a840ecc3841990bf9d9ed3f3416d72483c41e2daf08fc0caefb9437092,best_model.pt,,False,,,,False,100,-48.609375,8.990649982586076,,,0,114.84730887413025,1.7944892011582851,64,
training_runs/vertex_coverGCNNHK100200/paramhash:d7aa64a7b824111b8f9ae68d4b4b66fd41dadb3f49b8dd5fd8f779c1bf10841c/PowerlawCluster_eval@@VERTEX_COVER_results__20250520_135948.json,vertex_coverGCNNHK100200,paramhash:d7aa64a7b824111b8f9ae68d4b4b66fd41dadb3f49b8dd5fd8f779c1bf10841c,Ablation,vertex_cover,42,vertex_coverGCNNHK100200,GCNN,16,,4,32,0.0,32,BatchNorm,4,,,0.001,32,1000,1000,1.0,True,20000,100,0.8,PowerlawCluster,0,20,1000,True,"[100, 200]",,,,random_walk,8,0,training_runs/vertex_coverGCNNHK100200/paramhash:d7aa64a7b824111b8f9ae68d4b4b66fd41dadb3f49b8dd5fd8f779c1bf10841c,cpu,training_runs/vertex_coverGCNNHK100200/paramhash:d7aa64a7b824111b8f9ae68d4b4b66fd41dadb3f49b8dd5fd8f779c1bf10841c,best_model.pt,,False,,,,False,100,-85.09375,18.26687468992712,,,0,152.08898901939392,2.37639045342803,64,
training_runs/vertex_coverGCNNHK400500/paramhash:75c85f6e03759fdde6e577b3c595155b19abff0f9ba9c3172a5ec9a1f2ebd3bf/PowerlawCluster_eval@@VERTEX_COVER_results__20250520_134257.json,vertex_coverGCNNHK400500,paramhash:75c85f6e03759fdde6e577b3c595155b19abff0f9ba9c3172a5ec9a1f2ebd3bf,Ablation,vertex_cover,42,vertex_coverGCNNHK400500,GCNN,16,,4,32,0.0,32,BatchNorm,4,,,0.001,16,1000,1000,1.0,True,20000,100,0.8,PowerlawCluster,0,20,1000,True,"[400, 500]",,,,random_walk,8,0,training_runs/vertex_coverGCNNHK400500/paramhash:75c85f6e03759fdde6e577b3c595155b19abff0f9ba9c3172a5ec9a1f2ebd3bf,cpu,training_runs/vertex_coverGCNNHK400500/paramhash:75c85f6e03759fdde6e577b3c595155b19abff0f9ba9c3172a5ec9a1f2ebd3bf,best_model.pt,,False,,,,False,100,-252.15625,17.76427133145348,,,0,348.1841285228729,10.880754016339779,32,
training_runs/vertex_coverGCNNWS100200/paramhash:7fab9aa63807031248e5c5767820a9e08f9f46a22a2e6ecb0b8dc555e43ab8b8/WattsStrogatz_eval@@VERTEX_COVER_results__20250520_111435.json,vertex_coverGCNNWS100200,paramhash:7fab9aa63807031248e5c5767820a9e08f9f46a22a2e6ecb0b8dc555e43ab8b8,Ablation,vertex_cover,42,vertex_coverGCNNWS100200,GCNN,16,,4,32,0.0,32,BatchNorm,4,,,0.001,32,1000,1000,1.0,True,20000,100,0.8,WattsStrogatz,0,20,1000,True,"[100, 200]",,,,random_walk,8,0,training_runs/vertex_coverGCNNWS100200/paramhash:7fab9aa63807031248e5c5767820a9e08f9f46a22a2e6ecb0b8dc555e43ab8b8,cpu,training_runs/vertex_coverGCNNWS100200/paramhash:7fab9aa63807031248e5c5767820a9e08f9f46a22a2e6ecb0b8dc555e43ab8b8,best_model.pt,,False,,,,False,100,-96.25,18.830659839740083,,,0,112.43966007232666,1.756869688630104,64,
training_runs/vertex_coverGCNNWS400500/paramhash:6bde92993f7305e30f1d6ca2c0709f50d67ae4b824e8a6a18fc3e2547cdce383/WattsStrogatz_eval@@VERTEX_COVER_results__20250520_085725.json,vertex_coverGCNNWS400500,paramhash:6bde92993f7305e30f1d6ca2c0709f50d67ae4b824e8a6a18fc3e2547cdce383,Ablation,vertex_cover,42,vertex_coverGCNNWS400500,GCNN,16,,4,32,0.0,32,BatchNorm,4,,,0.001,16,1000,1000,1.0,True,20000,100,0.8,WattsStrogatz,0,20,1000,True,"[400, 500]",,,,random_walk,8,0,training_runs/vertex_coverGCNNWS400500/paramhash:6bde92993f7305e30f1d6ca2c0709f50d67ae4b824e8a6a18fc3e2547cdce383,cpu,training_runs/vertex_coverGCNNWS400500/paramhash:6bde92993f7305e30f1d6ca2c0709f50d67ae4b824e8a6a18fc3e2547cdce383,best_model.pt,,False,,,,False,100,-287.0,19.956202043475106,,,0,143.19917106628418,4.474974095821381,32,
training_runs/vertex_coverGCNNWS50100/paramhash:2660f774c3b09af892517a6364175f145269c93cf82052f77eef69531a4e9d95/WattsStrogatz_eval@@VERTEX_COVER_results__20250520_111619.json,vertex_coverGCNNWS50100,paramhash:2660f774c3b09af892517a6364175f145269c93cf82052f77eef69531a4e9d95,Ablation,vertex_cover,42,vertex_coverGCNNWS50100,GCNN,16,,4,32,0.0,32,BatchNorm,4,,,0.001,32,1000,1000,1.0,True,20000,100,0.8,WattsStrogatz,0,20,1000,True,"[50, 100]",,,,random_walk,8,0,training_runs/vertex_coverGCNNWS50100/paramhash:2660f774c3b09af892517a6364175f145269c93cf82052f77eef69531a4e9d95,cpu,training_runs/vertex_coverGCNNWS50100/paramhash:2660f774c3b09af892517a6364175f145269c93cf82052f77eef69531a4e9d95,best_model.pt,,False,,,,False,100,-48.71875,8.99386726817224,,,0,87.04637026786804,1.3600995354354382,64,
training_runs/vertex_coverGINHK100200/paramhash:c41808f264fce58d03e08922dadb9f61706db02efd3aa3f9648479e0d04141a7/PowerlawCluster_eval@@VERTEX_COVER_results__20250520_135627.json,vertex_coverGINHK100200,paramhash:c41808f264fce58d03e08922dadb9f61706db02efd3aa3f9648479e0d04141a7,Ablation,vertex_cover,42,vertex_coverGINHK100200,GIN,16,,4,32,0.0,32,BatchNorm,4,,,0.001,32,1000,1000,1.0,True,20000,100,0.8,PowerlawCluster,0,20,1000,True,"[100, 200]",,,,random_walk,8,0,training_runs/vertex_coverGINHK100200/paramhash:c41808f264fce58d03e08922dadb9f61706db02efd3aa3f9648479e0d04141a7,cpu,training_runs/vertex_coverGINHK100200/paramhash:c41808f264fce58d03e08922dadb9f61706db02efd3aa3f9648479e0d04141a7,best_model.pt,,False,,,,False,100,-84.8125,18.167514792893385,,,0,130.87341260910034,2.044897072017193,64,
training_runs/vertex_coverGINHK400500/paramhash:d2fd1e1159f8efbdbc8daddbe0f6ba0a14afb928c2d3fb8eac7b579f38fd82c5/PowerlawCluster_eval@@VERTEX_COVER_results__20250520_113955.json,vertex_coverGINHK400500,paramhash:d2fd1e1159f8efbdbc8daddbe0f6ba0a14afb928c2d3fb8eac7b579f38fd82c5,Ablation,vertex_cover,42,vertex_coverGINHK400500,GIN,16,,4,32,0.0,32,BatchNorm,4,,,0.001,16,1000,1000,1.0,True,20000,100,0.8,PowerlawCluster,0,20,1000,True,"[400, 500]",,,,random_walk,8,0,training_runs/vertex_coverGINHK400500/paramhash:d2fd1e1159f8efbdbc8daddbe0f6ba0a14afb928c2d3fb8eac7b579f38fd82c5,cpu,training_runs/vertex_coverGINHK400500/paramhash:d2fd1e1159f8efbdbc8daddbe0f6ba0a14afb928c2d3fb8eac7b579f38fd82c5,best_model.pt,,False,,,,False,100,-250.375,17.513833817870946,,,0,171.76201009750366,5.367562815546989,32,
training_runs/vertex_coverGINWS100200/paramhash:d94ba7115348403d840377d5d50d340beffbb7284ffe60fe9540f85c1206a30a/WattsStrogatz_eval@@VERTEX_COVER_results__20250520_114504.json,vertex_coverGINWS100200,paramhash:d94ba7115348403d840377d5d50d340beffbb7284ffe60fe9540f85c1206a30a,Ablation,vertex_cover,42,vertex_coverGINWS100200,GIN,16,,4,32,0.0,32,BatchNorm,4,,,0.001,32,1000,1000,1.0,True,20000,100,0.8,WattsStrogatz,0,20,1000,True,"[100, 200]",,,,random_walk,8,0,training_runs/vertex_coverGINWS100200/paramhash:d94ba7115348403d840377d5d50d340beffbb7284ffe60fe9540f85c1206a30a,cpu,training_runs/vertex_coverGINWS100200/paramhash:d94ba7115348403d840377d5d50d340beffbb7284ffe60fe9540f85c1206a30a,best_model.pt,,False,,,,False,100,-95.796875,18.704260617152848,,,0,96.04253673553467,1.5006646364927292,64,
training_runs/vertex_coverGINWS400500/paramhash:262d85bc39b33e309453a1f913334e0c07bbfccaced185d06e77b8150477bb52/WattsStrogatz_eval@@VERTEX_COVER_results__20250520_104757.json,vertex_coverGINWS400500,paramhash:262d85bc39b33e309453a1f913334e0c07bbfccaced185d06e77b8150477bb52,Ablation,vertex_cover,42,vertex_coverGINWS400500,GIN,16,,4,32,0.0,32,BatchNorm,4,,,0.001,16,1000,1000,1.0,True,20000,100,0.8,WattsStrogatz,0,20,1000,True,"[400, 500]",,,,random_walk,8,0,training_runs/vertex_coverGINWS400500/paramhash:262d85bc39b33e309453a1f913334e0c07bbfccaced185d06e77b8150477bb52,cpu,training_runs/vertex_coverGINWS400500/paramhash:262d85bc39b33e309453a1f913334e0c07bbfccaced185d06e77b8150477bb52,best_model.pt,,False,,,,False,100,-284.4375,19.71664509367656,,,0,119.81593203544617,3.7442478761076927,32,
training_runs/vertex_coverGINWS50100/paramhash:1983bd7fcef08b96072f01b9e9055c208b8344e398de3392da00e99764636420/WattsStrogatz_eval@@VERTEX_COVER_results__20250520_124257.json,vertex_coverGINWS50100,paramhash:1983bd7fcef08b96072f01b9e9055c208b8344e398de3392da00e99764636420,Ablation,vertex_cover,42,vertex_coverGINWS50100,GIN,16,,4,32,0.0,32,BatchNorm,4,,,0.001,32,1000,1000,1.0,True,20000,100,0.8,WattsStrogatz,0,20,1000,True,"[50, 100]",,,,random_walk,8,0,training_runs/vertex_coverGINWS50100/paramhash:1983bd7fcef08b96072f01b9e9055c208b8344e398de3392da00e99764636420,cpu,training_runs/vertex_coverGINWS50100/paramhash:1983bd7fcef08b96072f01b9e9055c208b8344e398de3392da00e99764636420,best_model.pt,,False,,,,False,100,-48.640625,8.920424575622787,,,0,105.49997615814209,1.6484371274709702,64,
training_runs/vertex_coverGatedGCNNHK100200/paramhash:41514de5c0421b7133afc35fab08fe5f812df0d7cbb1321168982618961f238f/PowerlawCluster_eval@@VERTEX_COVER_results__20250520_120341.json,vertex_coverGatedGCNNHK100200,paramhash:41514de5c0421b7133afc35fab08fe5f812df0d7cbb1321168982618961f238f,Ablation,vertex_cover,42,vertex_coverGatedGCNNHK100200,GatedGCNN,16,,4,32,0.0,32,BatchNorm,4,,,0.001,32,1000,1000,1.0,True,20000,100,0.8,PowerlawCluster,0,20,1000,True,"[100, 200]",,,,random_walk,8,0,training_runs/vertex_coverGatedGCNNHK100200/paramhash:41514de5c0421b7133afc35fab08fe5f812df0d7cbb1321168982618961f238f,cpu,training_runs/vertex_coverGatedGCNNHK100200/paramhash:41514de5c0421b7133afc35fab08fe5f812df0d7cbb1321168982618961f238f,best_model.pt,,False,,,,False,100,-84.765625,18.169120599505497,,,0,114.98003578186035,1.796563059091568,64,
training_runs/vertex_coverGatedGCNNHK400500/paramhash:7e5886352861ee91e29a452173ae7cf5626b09a72f79d49fd384407dfc8927b1/PowerlawCluster_eval@@VERTEX_COVER_results__20250520_135325.json,vertex_coverGatedGCNNHK400500,paramhash:7e5886352861ee91e29a452173ae7cf5626b09a72f79d49fd384407dfc8927b1,Ablation,vertex_cover,42,vertex_coverGatedGCNNHK400500,GatedGCNN,16,,4,32,0.0,32,BatchNorm,4,,,0.001,16,1000,1000,1.0,True,20000,100,0.8,PowerlawCluster,0,20,1000,True,"[400, 500]",,,,random_walk,8,0,training_runs/vertex_coverGatedGCNNHK400500/paramhash:7e5886352861ee91e29a452173ae7cf5626b09a72f79d49fd384407dfc8927b1,cpu,training_runs/vertex_coverGatedGCNNHK400500/paramhash:7e5886352861ee91e29a452173ae7cf5626b09a72f79d49fd384407dfc8927b1,best_model.pt,,False,,,,False,100,-247.6875,17.889308084719207,,,0,180.74962210655212,5.648425690829754,32,
training_runs/vertex_coverGatedGCNNWS100200/paramhash:07b2c67f894d8ca618e6c19dd19f212a6afab66430c7d68b150336fe6634f80f/WattsStrogatz_eval@@VERTEX_COVER_results__20250520_120821.json,vertex_coverGatedGCNNWS100200,paramhash:07b2c67f894d8ca618e6c19dd19f212a6afab66430c7d68b150336fe6634f80f,Ablation,vertex_cover,42,vertex_coverGatedGCNNWS100200,GatedGCNN,16,,4,32,0.0,32,BatchNorm,4,,,0.001,32,1000,1000,1.0,True,20000,100,0.8,WattsStrogatz,0,20,1000,True,"[100, 200]",,,,random_walk,8,0,training_runs/vertex_coverGatedGCNNWS100200/paramhash:07b2c67f894d8ca618e6c19dd19f212a6afab66430c7d68b150336fe6634f80f,cpu,training_runs/vertex_coverGatedGCNNWS100200/paramhash:07b2c67f894d8ca618e6c19dd19f212a6afab66430c7d68b150336fe6634f80f,best_model.pt,,False,,,,False,100,-94.046875,18.258071577644092,,,0,88.04276752471924,1.375668242573738,64,
training_runs/vertex_coverGatedGCNNWS400500/paramhash:0e2906d8872cad04e60147d563c566e797d8e47bc535ec368febe99d19770e8c/WattsStrogatz_eval@@VERTEX_COVER_results__20250520_114302.json,vertex_coverGatedGCNNWS400500,paramhash:0e2906d8872cad04e60147d563c566e797d8e47bc535ec368febe99d19770e8c,Ablation,vertex_cover,42,vertex_coverGatedGCNNWS400500,GatedGCNN,16,,4,32,0.0,32,BatchNorm,4,,,0.001,16,1000,1000,1.0,True,20000,100,0.8,WattsStrogatz,0,20,1000,True,"[400, 500]",,,,random_walk,8,0,training_runs/vertex_coverGatedGCNNWS400500/paramhash:0e2906d8872cad04e60147d563c566e797d8e47bc535ec368febe99d19770e8c,cpu,training_runs/vertex_coverGatedGCNNWS400500/paramhash:0e2906d8872cad04e60147d563c566e797d8e47bc535ec368febe99d19770e8c,best_model.pt,,False,,,,False,100,-276.75,19.073869560212476,,,0,118.93314146995544,3.7166606709361076,32,
training_runs/vertex_coverGatedGCNNWS50100/paramhash:59319d42b58f903a9161e49f028a3485e939f7006ee98c3a0d423335327dd972/WattsStrogatz_eval@@VERTEX_COVER_results__20250520_085841.json,vertex_coverGatedGCNNWS50100,paramhash:59319d42b58f903a9161e49f028a3485e939f7006ee98c3a0d423335327dd972,Ablation,vertex_cover,42,vertex_coverGatedGCNNWS50100,GatedGCNN,16,,4,32,0.0,32,BatchNorm,4,,,0.001,32,1000,1000,1.0,True,20000,100,0.8,WattsStrogatz,0,20,1000,True,"[50, 100]",,,,random_walk,8,0,training_runs/vertex_coverGatedGCNNWS50100/paramhash:59319d42b58f903a9161e49f028a3485e939f7006ee98c3a0d423335327dd972,cpu,training_runs/vertex_coverGatedGCNNWS50100/paramhash:59319d42b58f903a9161e49f028a3485e939f7006ee98c3a0d423335327dd972,best_model.pt,,False,,,,False,100,-47.71875,8.535713118275472,,,0,58.66459679603577,0.9166343249380589,64,
training_runs/vertex_coverLiftMPHK400500/paramhash:4ca5f09a6d6203e2b61eb858a170ca276b9fdfe183d12267dc29c9be8fcc3cf7/PowerlawCluster_eval@@VERTEX_COVER_results__20250520_094133.json,vertex_coverLiftMPHK400500,paramhash:4ca5f09a6d6203e2b61eb858a170ca276b9fdfe183d12267dc29c9be8fcc3cf7,Ablation,vertex_cover,42,vertex_coverLiftMPHK400500,LiftMP,16,,4,32,0.0,32,BatchNorm,4,,,0.001,16,1000,1000,1.0,True,20000,100,0.8,PowerlawCluster,0,20,1000,True,"[400, 500]",,,,random_walk,8,0,training_runs/vertex_coverLiftMPHK400500/paramhash:4ca5f09a6d6203e2b61eb858a170ca276b9fdfe183d12267dc29c9be8fcc3cf7,cpu,training_runs/vertex_coverLiftMPHK400500/paramhash:4ca5f09a6d6203e2b61eb858a170ca276b9fdfe183d12267dc29c9be8fcc3cf7,best_model.pt,,False,,,,False,100,-246.5625,17.624445913276254,,,0,462.05885195732117,14.439339123666286,32,
training_runs/vertex_coverLiftMPWS100200/paramhash:2dbba67483bb9725d59fb1783df785be2281577f407b4ad76eb47751fee669e3/WattsStrogatz_eval@@VERTEX_COVER_results__20250520_102453.json,vertex_coverLiftMPWS100200,paramhash:2dbba67483bb9725d59fb1783df785be2281577f407b4ad76eb47751fee669e3,Ablation,vertex_cover,42,vertex_coverLiftMPWS100200,LiftMP,16,,4,32,0.0,32,BatchNorm,4,,,0.001,32,1000,1000,1.0,True,20000,100,0.8,WattsStrogatz,0,20,1000,True,"[100, 200]",,,,random_walk,8,0,training_runs/vertex_coverLiftMPWS100200/paramhash:2dbba67483bb9725d59fb1783df785be2281577f407b4ad76eb47751fee669e3,cpu,training_runs/vertex_coverLiftMPWS100200/paramhash:2dbba67483bb9725d59fb1783df785be2281577f407b4ad76eb47751fee669e3,best_model.pt,,False,,,,False,100,-94.96875,18.37879956464785,,,0,173.45638823509216,2.710256066173315,64,
training_runs/vertex_coverLiftMPWS400500/paramhash:88899d9ec53594d314bf3683043d7f34c40b8562f0246b8c2cba515439a62a5a/WattsStrogatz_eval@@VERTEX_COVER_results__20250520_102133.json,vertex_coverLiftMPWS400500,paramhash:88899d9ec53594d314bf3683043d7f34c40b8562f0246b8c2cba515439a62a5a,Ablation,vertex_cover,42,vertex_coverLiftMPWS400500,LiftMP,16,,4,32,0.0,32,BatchNorm,4,,,0.001,16,1000,1000,1.0,True,20000,100,0.8,WattsStrogatz,0,20,1000,True,"[400, 500]",,,,random_walk,8,0,training_runs/vertex_coverLiftMPWS400500/paramhash:88899d9ec53594d314bf3683043d7f34c40b8562f0246b8c2cba515439a62a5a,cpu,training_runs/vertex_coverLiftMPWS400500/paramhash:88899d9ec53594d314bf3683043d7f34c40b8562f0246b8c2cba515439a62a5a,best_model.pt,,False,,,,False,100,-284.46875,19.833658851495354,,,0,181.4647376537323,5.670773051679134,32,
training_runs/vertex_coverLiftMPWS50100/paramhash:249c8e0e3c478464262499da03a13be808124f2c58ad01782857f3a16688ab99/WattsStrogatz_eval@@VERTEX_COVER_results__20250520_113446.json,vertex_coverLiftMPWS50100,paramhash:249c8e0e3c478464262499da03a13be808124f2c58ad01782857f3a16688ab99,Ablation,vertex_cover,42,vertex_coverLiftMPWS50100,LiftMP,16,,4,32,0.0,32,BatchNorm,4,,,0.001,32,1000,1000,1.0,True,20000,100,0.8,WattsStrogatz,0,20,1000,True,"[50, 100]",,,,random_walk,8,0,training_runs/vertex_coverLiftMPWS50100/paramhash:249c8e0e3c478464262499da03a13be808124f2c58ad01782857f3a16688ab99,cpu,training_runs/vertex_coverLiftMPWS50100/paramhash:249c8e0e3c478464262499da03a13be808124f2c58ad01782857f3a16688ab99,best_model.pt,,False,,,,False,100,-47.21875,8.417743072670964,,,0,127.59062480926514,1.9936035126447678,64,
training_runs/vertex_cover_COLLAB/paramhash_0eb5553c0858/COLLAB_eval@@VERTEX_COVER_results__20250520_105826.json,vertex_cover_COLLAB,paramhash_0eb5553c0858,TU,vertex_cover,42,vertex_cover_COLLAB,LiftMP,8,,4,8,0.0,32,BatchNorm,4,,,0.001,32,1000,1000,0.003,True,100000,100,0.8,COLLAB,0,20,1000,True,,,,,random_walk,4,0,training_runs/vertex_cover_COLLAB/paramhash_0eb5553c0858,cpu,training_runs/vertex_cover_COLLAB/paramhash_0eb5553c0858,best_model.pt,,False,,,,False,100,-249.5625,962.0293634259559,251.7037037037037,721.1598972444946,27,623.2989346981049,9.739045854657888,64,
training_runs/vertex_cover_ENZYMES/paramhash_14a7ab4a8503/ENZYMES_eval@@VERTEX_COVER_results__20250520_132036.json,vertex_cover_ENZYMES,paramhash_14a7ab4a8503,TU,vertex_cover,42,vertex_cover_ENZYMES,LiftMP,8,,4,16,0.0,32,BatchNorm,4,,,0.001,32,1000,1000,0.003,True,100000,100,0.8,ENZYMES,0,20,1000,True,,,,,random_walk,8,0,training_runs/vertex_cover_ENZYMES/paramhash_14a7ab4a8503,cpu,training_runs/vertex_cover_ENZYMES/paramhash_14a7ab4a8503,best_model.pt,,False,,,,False,100,-26.65,12.61985868911904,12.538993710691825,10.379531009486875,53,77.96926307678223,1.2994877179463704,60,
training_runs/vertex_cover_IMDB-BINARY/paramhash_a8567dbe63ef/IMDB-BINARY_eval@@VERTEX_COVER_results__20250520_131910.json,vertex_cover_IMDB-BINARY,paramhash_a8567dbe63ef,TU,vertex_cover,42,vertex_cover_IMDB-BINARY,LiftMP,8,,4,8,0.0,32,BatchNorm,4,,,0.001,32,1000,1000,0.003,True,100000,100,0.8,IMDB-BINARY,0,20,1000,True,,,,,random_walk,4,0,training_runs/vertex_cover_IMDB-BINARY/paramhash_a8567dbe63ef,cpu,training_runs/vertex_cover_IMDB-BINARY/paramhash_a8567dbe63ef,best_model.pt,,False,,,,False,100,-17.5,8.336666000266533,16.939393939393938,7.327570989242445,33,97.43446755409241,1.5224135555326939,64,
training_runs/vertex_cover_MUTAG/paramhash_b9fc8f1e9cdf/MUTAG_eval@@VERTEX_COVER_results__20250520_105848.json,vertex_cover_MUTAG,paramhash_b9fc8f1e9cdf,TU,vertex_cover,42,vertex_cover_MUTAG,LiftMP,8,,4,16,0.0,32,BatchNorm,4,,,0.001,32,1000,1000,0.003,True,100000,100,0.8,MUTAG,0,20,1000,True,,,,,random_walk,8,0,training_runs/vertex_cover_MUTAG/paramhash_b9fc8f1e9cdf,cpu,training_runs/vertex_cover_MUTAG/paramhash_b9fc8f1e9cdf,best_model.pt,,False,,,,False,100,-10.421052631578947,4.107961326544812,12.916666666666666,3.0945741046045234,12,15.903480291366577,0.8370252784929777,19,
training_runs/vertex_cover_PROTEINS/paramhash_73d9dfbceb34/PROTEINS_eval@@VERTEX_COVER_results__20250520_105954.json,vertex_cover_PROTEINS,paramhash_73d9dfbceb34,TU,vertex_cover,42,vertex_cover_PROTEINS,LiftMP,8,,4,4,0.0,32,BatchNorm,4,,,0.001,32,1000,1000,0.003,True,100000,100,0.8,PROTEINS,0,20,1000,True,,,,,random_walk,2,0,training_runs/vertex_cover_PROTEINS/paramhash_73d9dfbceb34,cpu,training_runs/vertex_cover_PROTEINS/paramhash_73d9dfbceb34,best_model.pt,,False,,,,False,100,-36.015625,61.55193238931963,20.142857142857142,17.143749976749724,28,60.47735118865967,0.9449586123228073,64,
training_runs/max_cut_HK_100_200/paramhash:82baf92bd2e4d0bcce1f892ce0783c01bfe81e08335a881e38114c83ac178580/PowerlawCluster_eval@@MAX_CUT_results__20250520_000452.json,max_cut_HK_100_200,paramhash:82baf92bd2e4d0bcce1f892ce0783c01bfe81e08335a881e38114c83ac178580,Normal,max_cut,42,max_cut_HK_100_200,LiftMP,16,,4,16,0.0,32,BatchNorm,4,,,0.001,32,1000,1000,0.003,True,20000,100,0.8,PowerlawCluster,0,20,1000,True,"[100, 200]",,,,random_walk,8,0,training_runs/max_cut_HK_100_200/paramhash:82baf92bd2e4d0bcce1f892ce0783c01bfe81e08335a881e38114c83ac178580,cpu,training_runs/max_cut_HK_100_200/paramhash:82baf92bd2e4d0bcce1f892ce0783c01bfe81e08335a881e38114c83ac178580,best_model.pt,,False,,,,False,100,843.34375,187.35095899390933,,,0,164.4842405319214,2.5700662583112717,64,
training_runs/vertex_cover_HK_100_200/paramhash:5e3282cf79c01fa96851ba92c49011e388df54e377b724098e1ab91a08a50777/PowerlawCluster_eval@@VERTEX_COVER_results__20250520_034946.json,vertex_cover_HK_100_200,paramhash:5e3282cf79c01fa96851ba92c49011e388df54e377b724098e1ab91a08a50777,Normal,vertex_cover,42,vertex_cover_HK_100_200,LiftMP,16,,4,32,0.0,32,BatchNorm,4,,,0.001,32,1000,1000,0.003,True,20000,100,0.8,PowerlawCluster,0,20,1000,True,"[100, 200]",,,,random_walk,8,0,training_runs/vertex_cover_HK_100_200/paramhash:5e3282cf79c01fa96851ba92c49011e388df54e377b724098e1ab91a08a50777,cpu,training_runs/vertex_cover_HK_100_200/paramhash:5e3282cf79c01fa96851ba92c49011e388df54e377b724098e1ab91a08a50777,best_model.pt,,False,,,,False,100,-141.484375,32.44514225364677,,,0,353.22864270210266,5.519197542220354,64,
training_runs/vertex_cover_WS_50_100/paramhash:28820c3a74011d6d3d224b9e9761831b95f6d831c65e7a4c77f934680c8a12bd/WattsStrogatz_eval@@VERTEX_COVER_results__20250520_045516.json,vertex_cover_WS_50_100,paramhash:28820c3a74011d6d3d224b9e9761831b95f6d831c65e7a4c77f934680c8a12bd,Normal,vertex_cover,42,vertex_cover_WS_50_100,LiftMP,16,,4,32,0.0,32,BatchNorm,4,,,0.001,32,1000,1000,0.003,True,20000,100,0.8,WattsStrogatz,0,20,1000,True,"[50, 100]",,,,random_walk,8,0,training_runs/vertex_cover_WS_50_100/paramhash:28820c3a74011d6d3d224b9e9761831b95f6d831c65e7a4c77f934680c8a12bd,cpu,training_runs/vertex_cover_WS_50_100/paramhash:28820c3a74011d6d3d224b9e9761831b95f6d831c65e7a4c77f934680c8a12bd,best_model.pt,,False,,,,False,100,-66.0,12.568561970249421,,,0,129.02688336372375,2.0160450525581837,64,
training_runs/max_cut_HK_400_500/paramhash:2018fc426402594ca5a4038dde11dc4f5007952572b4ef08f8489c630f2eab27/PowerlawCluster_eval@@MAX_CUT_results__20250520_001408.json,max_cut_HK_400_500,paramhash:2018fc426402594ca5a4038dde11dc4f5007952572b4ef08f8489c630f2eab27,Normal,max_cut,42,max_cut_HK_400_500,LiftMP,16,,4,16,0.0,32,BatchNorm,4,,,0.001,32,1000,1000,0.003,True,20000,100,0.8,PowerlawCluster,0,20,1000,True,"[400, 500]",,,,random_walk,8,0,training_runs/max_cut_HK_400_500/paramhash:2018fc426402594ca5a4038dde11dc4f5007952572b4ef08f8489c630f2eab27,cpu,training_runs/max_cut_HK_400_500/paramhash:2018fc426402594ca5a4038dde11dc4f5007952572b4ef08f8489c630f2eab27,best_model.pt,,False,,,,False,100,2571.375,157.7957045518033,,,0,417.4039239883423,6.521936312317848,64,
training_runs/vertex_cover_WS_400_500/paramhash:3cd425497ca5efb0910885f03685920f80af27c427b635c532a365f6ccac486b/WattsStrogatz_eval@@VERTEX_COVER_results__20250520_045250.json,vertex_cover_WS_400_500,paramhash:3cd425497ca5efb0910885f03685920f80af27c427b635c532a365f6ccac486b,Normal,vertex_cover,42,vertex_cover_WS_400_500,LiftMP,16,,4,32,0.0,32,BatchNorm,4,,,0.001,32,1000,1000,0.003,True,20000,100,0.8,WattsStrogatz,0,20,1000,True,"[400, 500]",,,,random_walk,8,0,training_runs/vertex_cover_WS_400_500/paramhash:3cd425497ca5efb0910885f03685920f80af27c427b635c532a365f6ccac486b,cpu,training_runs/vertex_cover_WS_400_500/paramhash:3cd425497ca5efb0910885f03685920f80af27c427b635c532a365f6ccac486b,best_model.pt,,False,,,,False,100,-394.140625,27.00918083928824,,,0,372.32693552970886,5.817608367651701,64,
training_runs/max_cut_WS_400_500/paramhash:634415669413dd21cfb460a03266ef4e824417eb8d4e1b425025f9b30376f999/WattsStrogatz_eval@@MAX_CUT_results__20250520_002315.json,max_cut_WS_400_500,paramhash:634415669413dd21cfb460a03266ef4e824417eb8d4e1b425025f9b30376f999,Normal,max_cut,42,max_cut_WS_400_500,LiftMP,8,,4,16,0.0,32,BatchNorm,4,,,0.001,32,1000,1000,0.003,True,20000,100,0.8,WattsStrogatz,0,20,1000,True,"[400, 500]",,,,random_walk,8,0,training_runs/max_cut_WS_400_500/paramhash:634415669413dd21cfb460a03266ef4e824417eb8d4e1b425025f9b30376f999,cpu,training_runs/max_cut_WS_400_500/paramhash:634415669413dd21cfb460a03266ef4e824417eb8d4e1b425025f9b30376f999,best_model.pt,,False,,,,False,100,1441.78125,89.82630265371886,,,0,232.44843435287476,3.632006786763668,64,
training_runs/vertex_cover_BA_100_200/paramhash:073b318b6d1b786793647c3b7ddd644a9a7436e8cdc0f74ef5cd983c1816813d/BarabasiAlbert_eval@@VERTEX_COVER_results__20250520_025045.json,vertex_cover_BA_100_200,paramhash:073b318b6d1b786793647c3b7ddd644a9a7436e8cdc0f74ef5cd983c1816813d,Normal,vertex_cover,42,vertex_cover_BA_100_200,LiftMP,8,,4,16,0.0,32,BatchNorm,4,,,0.001,32,1000,1000,0.003,True,20000,100,0.8,BarabasiAlbert,0,20,1000,True,"[100, 200]",,,,random_walk,8,0,training_runs/vertex_cover_BA_100_200/paramhash:073b318b6d1b786793647c3b7ddd644a9a7436e8cdc0f74ef5cd983c1816813d,cpu,training_runs/vertex_cover_BA_100_200/paramhash:073b318b6d1b786793647c3b7ddd644a9a7436e8cdc0f74ef5cd983c1816813d,best_model.pt,,False,,,,False,100,-136.78125,28.356254132686495,,,0,157.1672146320343,2.455737728625536,64,
training_runs/vertex_cover_BA_400_500/paramhash:c7360fa12964b3d346cc8b9b561de554fb98dbec8ba83730337c4b4924053f13/BarabasiAlbert_eval@@VERTEX_COVER_results__20250520_030006.json,vertex_cover_BA_400_500,paramhash:c7360fa12964b3d346cc8b9b561de554fb98dbec8ba83730337c4b4924053f13,Normal,vertex_cover,42,vertex_cover_BA_400_500,LiftMP,8,,4,16,0.0,32,BatchNorm,4,,,0.001,32,1000,1000,0.003,True,20000,100,0.8,BarabasiAlbert,0,20,1000,True,"[400, 500]",,,,random_walk,8,0,training_runs/vertex_cover_BA_400_500/paramhash:c7360fa12964b3d346cc8b9b561de554fb98dbec8ba83730337c4b4924053f13,cpu,training_runs/vertex_cover_BA_400_500/paramhash:c7360fa12964b3d346cc8b9b561de554fb98dbec8ba83730337c4b4924053f13,best_model.pt,,False,,,,False,100,-431.671875,28.48028632202238,,,0,428.7136435508728,6.6986506804823875,64,
training_runs/max_cut_BA_50_100/paramhash:f4acdf6c297de5786febefe0ccfc860309c331bb5cb55adc91205d3cde6b4836/BarabasiAlbert_eval@@MAX_CUT_results__20250519_235045.json,max_cut_BA_50_100,paramhash:f4acdf6c297de5786febefe0ccfc860309c331bb5cb55adc91205d3cde6b4836,Normal,max_cut,42,max_cut_BA_50_100,LiftMP,16,,4,16,0.0,32,BatchNorm,4,,,0.001,32,1000,1000,0.003,True,20000,100,0.8,BarabasiAlbert,0,20,1000,True,"[50, 100]",,,,random_walk,8,0,training_runs/max_cut_BA_50_100/paramhash:f4acdf6c297de5786febefe0ccfc860309c331bb5cb55adc91205d3cde6b4836,cpu,training_runs/max_cut_BA_50_100/paramhash:f4acdf6c297de5786febefe0ccfc860309c331bb5cb55adc91205d3cde6b4836,best_model.pt,,False,,,,False,100,427.8125,87.28596590374651,,,0,109.52735877037048,1.7113649807870388,64,
training_runs/vertex_cover_ER_100_200/paramhash:f00304449ffe8f9cc7c94ae528ddc824b562701db5bd873eb21b1a6786d4fb7e/ErdosRenyi_eval@@VERTEX_COVER_results__20250520_030927.json,vertex_cover_ER_100_200,paramhash:f00304449ffe8f9cc7c94ae528ddc824b562701db5bd873eb21b1a6786d4fb7e,Normal,vertex_cover,42,vertex_cover_ER_100_200,LiftMP,8,,4,4,0.0,32,BatchNorm,4,,,0.001,32,1000,1000,0.003,True,20000,100,0.8,ErdosRenyi,0,20,1000,True,"[100, 200]",,,,random_walk,2,0,training_runs/vertex_cover_ER_100_200/paramhash:f00304449ffe8f9cc7c94ae528ddc824b562701db5bd873eb21b1a6786d4fb7e,cpu,training_runs/vertex_cover_ER_100_200/paramhash:f00304449ffe8f9cc7c94ae528ddc824b562701db5bd873eb21b1a6786d4fb7e,best_model.pt,,False,,,,False,100,-137.46875,30.29334123924761,,,0,305.17419958114624,4.76834686845541,64,
training_runs/max_cut_ER_100_200/paramhash:5fb94d104577fa696d78a32c460e1787ee2735f09b96f2a720db7c1ba9dd16f0/ErdosRenyi_eval@@MAX_CUT_results__20250519_235834.json,max_cut_ER_100_200,paramhash:5fb94d104577fa696d78a32c460e1787ee2735f09b96f2a720db7c1ba9dd16f0,Normal,max_cut,42,max_cut_ER_100_200,LiftMP,16,,4,16,0.0,32,BatchNorm,4,,,0.001,32,1000,1000,0.003,True,20000,100,0.8,ErdosRenyi,0,20,1000,True,"[100, 200]",,,,random_walk,8,0,training_runs/max_cut_ER_100_200/paramhash:5fb94d104577fa696d78a32c460e1787ee2735f09b96f2a720db7c1ba9dd16f0,cpu,training_runs/max_cut_ER_100_200/paramhash:5fb94d104577fa696d78a32c460e1787ee2735f09b96f2a720db7c1ba9dd16f0,best_model.pt,,False,,,,False,100,2171.0,823.5277014162912,,,0,347.5614175796509,5.430647149682045,64,
training_runs/vertex_cover_BA_50_100/paramhash:155d4955671ff48d507cf775b22094f4c96d3f9610848fe223694b67f06ec595/BarabasiAlbert_eval@@VERTEX_COVER_results__20250519_221334.json,vertex_cover_BA_50_100,paramhash:155d4955671ff48d507cf775b22094f4c96d3f9610848fe223694b67f06ec595,Normal,vertex_cover,42,vertex_cover_BA_50_100,LiftMP,8,,4,16,0.0,32,BatchNorm,4,,,0.001,32,1000,1000,0.003,True,20000,100,0.8,BarabasiAlbert,0,20,100,True,"[50, 100]",,,,random_walk,8,0,training_runs/vertex_cover_BA_50_100/paramhash:155d4955671ff48d507cf775b22094f4c96d3f9610848fe223694b67f06ec595,cpu,/teamspace/studios/this_studio/bespoke-gnn4do/training_runs/vertex_cover_BA_50_100/paramhash:155d4955671ff48d507cf775b22094f4c96d3f9610848fe223694b67f06ec595,best_model.pt,,False,,,,False,100,-68.34375,14.990850073878399,,,0,101.5777177810669,1.5871518403291702,64,
training_runs/vertex_cover_BA_50_100/paramhash:155d4955671ff48d507cf775b22094f4c96d3f9610848fe223694b67f06ec595/BarabasiAlbert_eval@@VERTEX_COVER_results__20250520_030219.json,vertex_cover_BA_50_100,paramhash:155d4955671ff48d507cf775b22094f4c96d3f9610848fe223694b67f06ec595,Normal,vertex_cover,42,vertex_cover_BA_50_100,LiftMP,8,,4,16,0.0,32,BatchNorm,4,,,0.001,32,1000,1000,0.003,True,20000,100,0.8,BarabasiAlbert,0,20,100,True,"[50, 100]",,,,random_walk,8,0,training_runs/vertex_cover_BA_50_100/paramhash:155d4955671ff48d507cf775b22094f4c96d3f9610848fe223694b67f06ec595,cpu,training_runs/vertex_cover_BA_50_100/paramhash:155d4955671ff48d507cf775b22094f4c96d3f9610848fe223694b67f06ec595,best_model.pt,,False,,,,False,100,-68.34375,14.990850073878399,,,0,106.36654019355774,1.6619771905243397,64,
training_runs/vertex_cover_WS_100_200/paramhash:816d354e64e3e4c105b310fa36a54028c2d86c2723435253d82d00075327f4a9/WattsStrogatz_eval@@VERTEX_COVER_results__20250520_044527.json,vertex_cover_WS_100_200,paramhash:816d354e64e3e4c105b310fa36a54028c2d86c2723435253d82d00075327f4a9,Normal,vertex_cover,42,vertex_cover_WS_100_200,LiftMP,16,,4,32,0.0,32,BatchNorm,4,,,0.001,32,1000,1000,0.003,True,20000,100,0.8,WattsStrogatz,0,20,1000,True,"[100, 200]",,,,random_walk,8,0,training_runs/vertex_cover_WS_100_200/paramhash:816d354e64e3e4c105b310fa36a54028c2d86c2723435253d82d00075327f4a9,cpu,training_runs/vertex_cover_WS_100_200/paramhash:816d354e64e3e4c105b310fa36a54028c2d86c2723435253d82d00075327f4a9,best_model.pt,,False,,,,False,100,-132.21875,26.528562879234524,,,0,171.3835790157318,2.6778684221208096,64,
training_runs/max_cut_HK_50_100/paramhash:e700faf8fdd61bdff68d32d75b3adbdd02cf166e80e532ea05bdb98d0ebc9455/PowerlawCluster_eval@@MAX_CUT_results__20250520_001614.json,max_cut_HK_50_100,paramhash:e700faf8fdd61bdff68d32d75b3adbdd02cf166e80e532ea05bdb98d0ebc9455,Normal,max_cut,42,max_cut_HK_50_100,LiftMP,16,,4,16,0.0,32,BatchNorm,4,,,0.001,32,1000,1000,0.003,True,20000,100,0.8,PowerlawCluster,0,20,1000,True,"[50, 100]",,,,random_walk,8,0,training_runs/max_cut_HK_50_100/paramhash:e700faf8fdd61bdff68d32d75b3adbdd02cf166e80e532ea05bdb98d0ebc9455,cpu,training_runs/max_cut_HK_50_100/paramhash:e700faf8fdd61bdff68d32d75b3adbdd02cf166e80e532ea05bdb98d0ebc9455,best_model.pt,,False,,,,False,100,392.46875,83.89706653654524,,,0,98.85952687263489,1.5446801073849201,64,
training_runs/sat_random-sat_r32/paramhash:56b60c5acf09130ea575e8ed6ded2f0092e7f5ce913641eb910d496ff24aed7d/random-sat_eval@@SAT_results__20250520_005206.json,sat_random-sat_r32,paramhash:56b60c5acf09130ea575e8ed6ded2f0092e7f5ce913641eb910d496ff24aed7d,Ablation,sat,42,sat_random-sat_r32,LiftMP,16,,4,32,0.0,32,BatchNorm,4,,,0.001,32,1000,1000,0.003,True,100000,100,0.8,random-sat,0,20,1000,True,[100],,"[400, 430]",,,8,0,training_runs/sat_random-sat_r32/paramhash:56b60c5acf09130ea575e8ed6ded2f0092e7f5ce913641eb910d496ff24aed7d,cpu,training_runs/sat_random-sat_r32/paramhash:56b60c5acf09130ea575e8ed6ded2f0092e7f5ce913641eb910d496ff24aed7d,best_model.pt,,False,,,,False,100,410.515625,9.7098406711632,,,0,1596.2881908416748,24.94200298190117,64,
training_runs/vertex_cover_ER_50_100/paramhash:0c650fa814320dea47a796e2620bf77abad3bf624a3b603d8b20bf5f4490b312/ErdosRenyi_eval@@VERTEX_COVER_results__20250520_034301.json,vertex_cover_ER_50_100,paramhash:0c650fa814320dea47a796e2620bf77abad3bf624a3b603d8b20bf5f4490b312,Normal,vertex_cover,42,vertex_cover_ER_50_100,LiftMP,8,,4,4,0.0,32,BatchNorm,4,,,0.001,32,1000,1000,0.003,True,20000,100,0.8,ErdosRenyi,0,20,1000,True,"[50, 100]",,,,random_walk,2,0,training_runs/vertex_cover_ER_50_100/paramhash:0c650fa814320dea47a796e2620bf77abad3bf624a3b603d8b20bf5f4490b312,cpu,training_runs/vertex_cover_ER_50_100/paramhash:0c650fa814320dea47a796e2620bf77abad3bf624a3b603d8b20bf5f4490b312,best_model.pt,,False,,,,False,100,-64.0625,15.139842923557694,,,0,175.7491750717163,2.7460808604955673,64,
training_runs/vertex_cover_HK_50_100/paramhash:f0f9d355594fc4670a3fbf0d40bf097b88f849c407268336ec22b37821f3fce8/PowerlawCluster_eval@@VERTEX_COVER_results__20250520_041138.json,vertex_cover_HK_50_100,paramhash:f0f9d355594fc4670a3fbf0d40bf097b88f849c407268336ec22b37821f3fce8,Normal,vertex_cover,42,vertex_cover_HK_50_100,LiftMP,16,,4,32,0.0,32,BatchNorm,4,,,0.001,32,1000,1000,0.003,True,20000,100,0.8,PowerlawCluster,0,20,1000,True,"[50, 100]",,,,random_walk,8,0,training_runs/vertex_cover_HK_50_100/paramhash:f0f9d355594fc4670a3fbf0d40bf097b88f849c407268336ec22b37821f3fce8,cpu,training_runs/vertex_cover_HK_50_100/paramhash:f0f9d355594fc4670a3fbf0d40bf097b88f849c407268336ec22b37821f3fce8,best_model.pt,,False,,,,False,100,-65.15625,14.658848383740791,,,0,209.5744550228119,3.2746008597314358,64,
training_runs/max_cut_WS_100_200/paramhash:3fb670175f3cf4c687a3f3663a24848dfdd987099a8deb042c050bc9fae6298d/WattsStrogatz_eval@@MAX_CUT_results__20250520_001813.json,max_cut_WS_100_200,paramhash:3fb670175f3cf4c687a3f3663a24848dfdd987099a8deb042c050bc9fae6298d,Normal,max_cut,42,max_cut_WS_100_200,LiftMP,8,,4,16,0.0,32,BatchNorm,4,,,0.001,32,1000,1000,0.003,True,20000,100,0.8,WattsStrogatz,0,20,1000,True,"[100, 200]",,,,random_walk,8,0,training_runs/max_cut_WS_100_200/paramhash:3fb670175f3cf4c687a3f3663a24848dfdd987099a8deb042c050bc9fae6298d,cpu,training_runs/max_cut_WS_100_200/paramhash:3fb670175f3cf4c687a3f3663a24848dfdd987099a8deb042c050bc9fae6298d,best_model.pt,,False,,,,False,100,499.875,95.68560171206533,,,0,93.02782011032104,1.4535596892237663,64,
training_runs/max_cut_BA_400_500/paramhash:bb81813d85b8a4e734baebbaca173b9af30db229d3ac17f3d30eb2cca69bc258/BarabasiAlbert_eval@@MAX_CUT_results__20250519_234830.json,max_cut_BA_400_500,paramhash:bb81813d85b8a4e734baebbaca173b9af30db229d3ac17f3d30eb2cca69bc258,Normal,max_cut,42,max_cut_BA_400_500,LiftMP,16,,4,16,0.0,32,BatchNorm,4,,,0.001,32,1000,1000,0.003,True,20000,100,0.8,BarabasiAlbert,0,20,1000,True,"[400, 500]",,,,random_walk,8,0,training_runs/max_cut_BA_400_500/paramhash:bb81813d85b8a4e734baebbaca173b9af30db229d3ac17f3d30eb2cca69bc258,cpu,training_runs/max_cut_BA_400_500/paramhash:bb81813d85b8a4e734baebbaca173b9af30db229d3ac17f3d30eb2cca69bc258,best_model.pt,,False,,,,False,100,2590.1875,168.10700414839948,,,0,469.77184772491455,7.34018512070179,64,
training_runs/max_cut_WS_50_100/paramhash:cd59333647e575469f3c42b29d72f7882d28747c5442212c9268310421ac39b2/WattsStrogatz_eval@@MAX_CUT_results__20250520_002434.json,max_cut_WS_50_100,paramhash:cd59333647e575469f3c42b29d72f7882d28747c5442212c9268310421ac39b2,Normal,max_cut,42,max_cut_WS_50_100,LiftMP,8,,4,16,0.0,32,BatchNorm,4,,,0.001,32,1000,1000,0.003,True,20000,100,0.8,WattsStrogatz,0,20,1000,True,"[50, 100]",,,,random_walk,8,0,training_runs/max_cut_WS_50_100/paramhash:cd59333647e575469f3c42b29d72f7882d28747c5442212c9268310421ac39b2,cpu,training_runs/max_cut_WS_50_100/paramhash:cd59333647e575469f3c42b29d72f7882d28747c5442212c9268310421ac39b2,best_model.pt,,False,,,,False,100,253.96875,45.72675938044921,,,0,63.103872299194336,0.9859980046749115,64,
training_runs/max_cut_ER_50_100/paramhash:e5dcef15ccf76bebe4ca40e565cbf27520e298bed5f0fdcead65c82dece59eec/ErdosRenyi_eval@@MAX_CUT_results__20250520_000120.json,max_cut_ER_50_100,paramhash:e5dcef15ccf76bebe4ca40e565cbf27520e298bed5f0fdcead65c82dece59eec,Normal,max_cut,42,max_cut_ER_50_100,LiftMP,16,,4,16,0.0,32,BatchNorm,4,,,0.001,32,1000,1000,0.003,True,20000,100,0.8,ErdosRenyi,0,20,1000,True,"[50, 100]",,,,random_walk,8,0,training_runs/max_cut_ER_50_100/paramhash:e5dcef15ccf76bebe4ca40e565cbf27520e298bed5f0fdcead65c82dece59eec,cpu,training_runs/max_cut_ER_50_100/paramhash:e5dcef15ccf76bebe4ca40e565cbf27520e298bed5f0fdcead65c82dece59eec,best_model.pt,,False,,,,False,100,592.1875,222.32372757704024,,,0,130.64052033424377,2.041258130222559,64,
training_runs/vertex_cover_HK_400_500/paramhash:29f7c40358185910c2fc65bc1afef7898af44f50b623da48037b1765fd886ce7/PowerlawCluster_eval@@VERTEX_COVER_results__20250520_040738.json,vertex_cover_HK_400_500,paramhash:29f7c40358185910c2fc65bc1afef7898af44f50b623da48037b1765fd886ce7,Normal,vertex_cover,42,vertex_cover_HK_400_500,LiftMP,16,,4,32,0.0,32,BatchNorm,4,,,0.001,32,1000,1000,0.003,True,20000,100,0.8,PowerlawCluster,0,20,1000,True,"[400, 500]",,,,random_walk,8,0,training_runs/vertex_cover_HK_400_500/paramhash:29f7c40358185910c2fc65bc1afef7898af44f50b623da48037b1765fd886ce7,cpu,training_runs/vertex_cover_HK_400_500/paramhash:29f7c40358185910c2fc65bc1afef7898af44f50b623da48037b1765fd886ce7,best_model.pt,,False,,,,False,100,-439.953125,27.582506734058363,,,0,925.7373144626617,14.46464553847909,64,
training_runs/max_cut_BA_100_200/paramhash:09e2fa7556bddd7f19bf15fecb6e4a1a1231da361950cd8a43f04b3413da10f7/BarabasiAlbert_eval@@MAX_CUT_results__20250519_233826.json,max_cut_BA_100_200,paramhash:09e2fa7556bddd7f19bf15fecb6e4a1a1231da361950cd8a43f04b3413da10f7,Normal,max_cut,42,max_cut_BA_100_200,LiftMP,16,,4,16,0.0,32,BatchNorm,4,,,0.001,32,1000,1000,0.003,True,20000,100,0.8,BarabasiAlbert,0,20,1000,True,"[100, 200]",,,,random_walk,8,0,training_runs/max_cut_BA_100_200/paramhash:09e2fa7556bddd7f19bf15fecb6e4a1a1231da361950cd8a43f04b3413da10f7,cpu,training_runs/max_cut_BA_100_200/paramhash:09e2fa7556bddd7f19bf15fecb6e4a1a1231da361950cd8a43f04b3413da10f7,best_model.pt,,False,,,,False,100,840.875,166.69015980255102,,,0,150.24881792068481,2.3476377800107002,64,
